Handle,Title,Body (HTML),Vendor,Type,Tags,Published,Option1 Name,Option1 Value,Option2 Name,Option2 Value,Option3 Name,Option3 Value,Variant SKU,Variant Grams,Variant Inventory Tracker,Variant Inventory Qty,Variant Inventory Policy,Variant Fulfillment Service,Variant Price,Variant Compare At Price,Variant Requires Shipping,Variant Taxable,Variant Barcode,Image Src,Image Position,Image Alt Text,Gift Card,SEO Title,SEO Description,Status
classic-pique-polo,Classic Pique Polo,"<p>The foundational piece. Knit-finished placket, structured collar.</p>",Stitch Fit,Polo Shirts,polo-shirts,TRUE,Size,XS,,,,,SF-CLASSICPIQUE-XS,300,,,deny,manual,3500.00,,TRUE,TRUE,,,,,,Classic Pique Polo,"The foundational piece. Knit-finished placket, structured collar.",active
classic-pique-polo,,,,,,,Size,S,,,,,SF-CLASSICPIQUE-S,300,,,deny,manual,3500.00,,TRUE,TRUE,,,,,,,,
classic-pique-polo,,,,,,,Size,M,,,,,SF-CLASSICPIQUE-M,300,,,deny,manual,3500.00,,TRUE,TRUE,,,,,,,,
classic-pique-polo,,,,,,,Size,L,,,,,SF-CLASSICPIQUE-L,300,,,deny,manual,3500.00,,TRUE,TRUE,,,,,,,,
classic-pique-polo,,,,,,,Size,XL,,,,,SF-CLASSICPIQUE-XL,300,,,deny,manual,3500.00,,TRUE,TRUE,,,,,,,,
classic-pique-polo,,,,,,,Size,XXL,,,,,SF-CLASSICPIQUE-XXL,300,,,deny,manual,3500.00,,TRUE,TRUE,,,,,,,,
merino-blend-polo,Merino Blend Polo,"<p>Lightweight warmth. 70% merino, 30% nylon blend.</p>",Stitch Fit,Polo Shirts,polo-shirts,TRUE,Size,XS,,,,,SF-MERINOBLENDP-XS,300,,,deny,manual,3500.00,,TRUE,TRUE,,,,,,Merino Blend Polo,"Lightweight warmth. 70% merino, 30% nylon blend.",active
merino-blend-polo,,,,,,,Size,S,,,,,SF-MERINOBLENDP-S,300,,,deny,manual,3500.00,,TRUE,TRUE,,,,,,,,
merino-blend-polo,,,,,,,Size,M,,,,,SF-MERINOBLENDP-M,300,,,deny,manual,3500.00,,TRUE,TRUE,,,,,,,,
merino-blend-polo,,,,,,,Size,L,,,,,SF-MERINOBLENDP-L,300,,,deny,manual,3500.00,,TRUE,TRUE,,,,,,,,
merino-blend-polo,,,,,,,Size,XL,,,,,SF-MERINOBLENDP-XL,300,,,deny,manual,3500.00,,TRUE,TRUE,,,,,,,,
merino-blend-polo,,,,,,,Size,XXL,,,,,SF-MERINOBLENDP-XXL,300,,,deny,manual,3500.00,,TRUE,TRUE,,,,,,,,
textured-stitch-polo,Textured Stitch Polo,<p>Waffle-knit surface. Tactile without noise.</p>,Stitch Fit,Polo Shirts,polo-shirts,TRUE,Size,XS,,,,,SF-TEXTUREDSTIT-XS,300,,,deny,manual,3500.00,,TRUE,TRUE,,,,,,Textured Stitch Polo,Waffle-knit surface. Tactile without noise.,active
textured-stitch-polo,,,,,,,Size,S,,,,,SF-TEXTUREDSTIT-S,300,,,deny,manual,3500.00,,TRUE,TRUE,,,,,,,,
textured-stitch-polo,,,,,,,Size,M,,,,,SF-TEXTUREDSTIT-M,300,,,deny,manual,3500.00,,TRUE,TRUE,,,,,,,,
textured-stitch-polo,,,,,,,Size,L,,,,,SF-TEXTUREDSTIT-L,300,,,deny,manual,3500.00,,TRUE,TRUE,,,,,,,,
textured-stitch-polo,,,,,,,Size,XL,,,,,SF-TEXTUREDSTIT-XL,300,,,deny,manual,3500.00,,TRUE,TRUE,,,,,,,,
textured-stitch-polo,,,,,,,Size,XXL,,,,,SF-TEXTUREDSTIT-XXL,300,,,deny,manual,3500.00,,TRUE,TRUE,,,,,,,,
slim-rib-polo,Slim Rib Polo,<p>Rib-knit construction. Body-following fit.</p>,Stitch Fit,Polo Shirts,polo-shirts,TRUE,Size,XS,,,,,SF-SLIMRIBPOLO-XS,300,,,deny,manual,3500.00,,TRUE,TRUE,,,,,,Slim Rib Polo,Rib-knit construction. Body-following fit.,active
slim-rib-polo,,,,,,,Size,S,,,,,SF-SLIMRIBPOLO-S,300,,,deny,manual,3500.00,,TRUE,TRUE,,,,,,,,
slim-rib-polo,,,,,,,Size,M,,,,,SF-SLIMRIBPOLO-M,300,,,deny,manual,3500.00,,TRUE,TRUE,,,,,,,,
slim-rib-polo,,,,,,,Size,L,,,,,SF-SLIMRIBPOLO-L,300,,,deny,manual,3500.00,,TRUE,TRUE,,,,,,,,
slim-rib-polo,,,,,,,Size,XL,,,,,SF-SLIMRIBPOLO-XL,300,,,deny,manual,3500.00,,TRUE,TRUE,,,,,,,,
slim-rib-polo,,,,,,,Size,XXL,,,,,SF-SLIMRIBPOLO-XXL,300,,,deny,manual,3500.00,,TRUE,TRUE,,,,,,,,
open-collar-polo,Open Collar Polo,<p>Split neck variation. Relaxed modern silhouette.</p>,Stitch Fit,Polo Shirts,polo-shirts,TRUE,Size,XS,,,,,SF-OPENCOLLARPO-XS,300,,,deny,manual,3500.00,,TRUE,TRUE,,,,,,Open Collar Polo,Split neck variation. Relaxed modern silhouette.,active
open-collar-polo,,,,,,,Size,S,,,,,SF-OPENCOLLARPO-S,300,,,deny,manual,3500.00,,TRUE,TRUE,,,,,,,,
open-collar-polo,,,,,,,Size,M,,,,,SF-OPENCOLLARPO-M,300,,,deny,manual,3500.00,,TRUE,TRUE,,,,,,,,
open-collar-polo,,,,,,,Size,L,,,,,SF-OPENCOLLARPO-L,300,,,deny,manual,3500.00,,TRUE,TRUE,,,,,,,,
open-collar-polo,,,,,,,Size,XL,,,,,SF-OPENCOLLARPO-XL,300,,,deny,manual,3500.00,,TRUE,TRUE,,,,,,,,
open-collar-polo,,,,,,,Size,XXL,,,,,SF-OPENCOLLARPO-XXL,300,,,deny,manual,3500.00,,TRUE,TRUE,,,,,,,,
fine-gauge-polo,Fine Gauge Polo,<p>18-gauge machine knit. Dresses up or down.</p>,Stitch Fit,Polo Shirts,polo-shirts,TRUE,Size,XS,,,,,SF-FINEGAUGEPOL-XS,300,,,deny,manual,3500.00,,TRUE,TRUE,,,,,,Fine Gauge Polo,18-gauge machine knit. Dresses up or down.,active
fine-gauge-polo,,,,,,,Size,S,,,,,SF-FINEGAUGEPOL-S,300,,,deny,manual,3500.00,,TRUE,TRUE,,,,,,,,
fine-gauge-polo,,,,,,,Size,M,,,,,SF-FINEGAUGEPOL-M,300,,,deny,manual,3500.00,,TRUE,TRUE,,,,,,,,
fine-gauge-polo,,,,,,,Size,L,,,,,SF-FINEGAUGEPOL-L,300,,,deny,manual,3500.00,,TRUE,TRUE,,,,,,,,
fine-gauge-polo,,,,,,,Size,XL,,,,,SF-FINEGAUGEPOL-XL,300,,,deny,manual,3500.00,,TRUE,TRUE,,,,,,,,
fine-gauge-polo,,,,,,,Size,XXL,,,,,SF-FINEGAUGEPOL-XXL,300,,,deny,manual,3500.00,,TRUE,TRUE,,,,,,,,
half-zip-polo,Half-Zip Polo,<p>Chest zip detail. Between polo and pullover.</p>,Stitch Fit,Polo Shirts,polo-shirts,TRUE,Size,XS,,,,,SF-HALFZIPPOLO-XS,300,,,deny,manual,3500.00,,TRUE,TRUE,,,,,,Half-Zip Polo,Chest zip detail. Between polo and pullover.,active
half-zip-polo,,,,,,,Size,S,,,,,SF-HALFZIPPOLO-S,300,,,deny,manual,3500.00,,TRUE,TRUE,,,,,,,,
half-zip-polo,,,,,,,Size,M,,,,,SF-HALFZIPPOLO-M,300,,,deny,manual,3500.00,,TRUE,TRUE,,,,,,,,
half-zip-polo,,,,,,,Size,L,,,,,SF-HALFZIPPOLO-L,300,,,deny,manual,3500.00,,TRUE,TRUE,,,,,,,,
half-zip-polo,,,,,,,Size,XL,,,,,SF-HALFZIPPOLO-XL,300,,,deny,manual,3500.00,,TRUE,TRUE,,,,,,,,
half-zip-polo,,,,,,,Size,XXL,,,,,SF-HALFZIPPOLO-XXL,300,,,deny,manual,3500.00,,TRUE,TRUE,,,,,,,,
contrast-tip-polo,Contrast Tip Polo,<p>Tipped collar and cuffs. Old money reference.</p>,Stitch Fit,Polo Shirts,polo-shirts,TRUE,Size,XS,,,,,SF-CONTRASTTIPP-XS,300,,,deny,manual,3500.00,,TRUE,TRUE,,,,,,Contrast Tip Polo,Tipped collar and cuffs. Old money reference.,active
contrast-tip-polo,,,,,,,Size,S,,,,,SF-CONTRASTTIPP-S,300,,,deny,manual,3500.00,,TRUE,TRUE,,,,,,,,
contrast-tip-polo,,,,,,,Size,M,,,,,SF-CONTRASTTIPP-M,300,,,deny,manual,3500.00,,TRUE,TRUE,,,,,,,,
contrast-tip-polo,,,,,,,Size,L,,,,,SF-CONTRASTTIPP-L,300,,,deny,manual,3500.00,,TRUE,TRUE,,,,,,,,
contrast-tip-polo,,,,,,,Size,XL,,,,,SF-CONTRASTTIPP-XL,300,,,deny,manual,3500.00,,TRUE,TRUE,,,,,,,,
contrast-tip-polo,,,,,,,Size,XXL,,,,,SF-CONTRASTTIPP-XXL,300,,,deny,manual,3500.00,,TRUE,TRUE,,,,,,,,
birdseye-polo,Birdseye Polo,<p>Classic birdseye knit texture. Perennial staple.</p>,Stitch Fit,Polo Shirts,polo-shirts,TRUE,Size,XS,,,,,SF-BIRDSEYEPOLO-XS,300,,,deny,manual,3500.00,,TRUE,TRUE,,,,,,Birdseye Polo,Classic birdseye knit texture. Perennial staple.,active
birdseye-polo,,,,,,,Size,S,,,,,SF-BIRDSEYEPOLO-S,300,,,deny,manual,3500.00,,TRUE,TRUE,,,,,,,,
birdseye-polo,,,,,,,Size,M,,,,,SF-BIRDSEYEPOLO-M,300,,,deny,manual,3500.00,,TRUE,TRUE,,,,,,,,
birdseye-polo,,,,,,,Size,L,,,,,SF-BIRDSEYEPOLO-L,300,,,deny,manual,3500.00,,TRUE,TRUE,,,,,,,,
birdseye-polo,,,,,,,Size,XL,,,,,SF-BIRDSEYEPOLO-XL,300,,,deny,manual,3500.00,,TRUE,TRUE,,,,,,,,
birdseye-polo,,,,,,,Size,XXL,,,,,SF-BIRDSEYEPOLO-XXL,300,,,deny,manual,3500.00,,TRUE,TRUE,,,,,,,,
longline-polo,Longline Polo,<p>Extended hem. Wears over trousers or shorts.</p>,Stitch Fit,Polo Shirts,polo-shirts,TRUE,Size,XS,,,,,SF-LONGLINEPOLO-XS,300,,,deny,manual,3500.00,,TRUE,TRUE,,,,,,Longline Polo,Extended hem. Wears over trousers or shorts.,active
longline-polo,,,,,,,Size,S,,,,,SF-LONGLINEPOLO-S,300,,,deny,manual,3500.00,,TRUE,TRUE,,,,,,,,
longline-polo,,,,,,,Size,M,,,,,SF-LONGLINEPOLO-M,300,,,deny,manual,3500.00,,TRUE,TRUE,,,,,,,,
longline-polo,,,,,,,Size,L,,,,,SF-LONGLINEPOLO-L,300,,,deny,manual,3500.00,,TRUE,TRUE,,,,,,,,
longline-polo,,,,,,,Size,XL,,,,,SF-LONGLINEPOLO-XL,300,,,deny,manual,3500.00,,TRUE,TRUE,,,,,,,,
longline-polo,,,,,,,Size,XXL,,,,,SF-LONGLINEPOLO-XXL,300,,,deny,manual,3500.00,,TRUE,TRUE,,,,,,,,
crew-neck-sweater,Crew Neck Sweater,<p>The clean reference. Every wardrobe starts here.</p>,Stitch Fit,Sweaters & Pullovers,"sweaters,pullovers",TRUE,Size,XS,,,,,SF-CREWNECKSWEA-XS,300,,,deny,manual,3500.00,,TRUE,TRUE,,,,,,Crew Neck Sweater,The clean reference. Every wardrobe starts here.,active
crew-neck-sweater,,,,,,,Size,S,,,,,SF-CREWNECKSWEA-S,300,,,deny,manual,3500.00,,TRUE,TRUE,,,,,,,,
crew-neck-sweater,,,,,,,Size,M,,,,,SF-CREWNECKSWEA-M,300,,,deny,manual,3500.00,,TRUE,TRUE,,,,,,,,
crew-neck-sweater,,,,,,,Size,L,,,,,SF-CREWNECKSWEA-L,300,,,deny,manual,3500.00,,TRUE,TRUE,,,,,,,,
crew-neck-sweater,,,,,,,Size,XL,,,,,SF-CREWNECKSWEA-XL,300,,,deny,manual,3500.00,,TRUE,TRUE,,,,,,,,
crew-neck-sweater,,,,,,,Size,XXL,,,,,SF-CREWNECKSWEA-XXL,300,,,deny,manual,3500.00,,TRUE,TRUE,,,,,,,,
v-neck-merino-pullover,V-Neck Merino Pullover,<p>Layering essential. Fine gauge drape.</p>,Stitch Fit,Sweaters & Pullovers,"sweaters,pullovers",TRUE,Size,XS,,,,,SF-VNECKMERINOP-XS,300,,,deny,manual,3500.00,,TRUE,TRUE,,,,,,V-Neck Merino Pullover,Layering essential. Fine gauge drape.,active
v-neck-merino-pullover,,,,,,,Size,S,,,,,SF-VNECKMERINOP-S,300,,,deny,manual,3500.00,,TRUE,TRUE,,,,,,,,
v-neck-merino-pullover,,,,,,,Size,M,,,,,SF-VNECKMERINOP-M,300,,,deny,manual,3500.00,,TRUE,TRUE,,,,,,,,
v-neck-merino-pullover,,,,,,,Size,L,,,,,SF-VNECKMERINOP-L,300,,,deny,manual,3500.00,,TRUE,TRUE,,,,,,,,
v-neck-merino-pullover,,,,,,,Size,XL,,,,,SF-VNECKMERINOP-XL,300,,,deny,manual,3500.00,,TRUE,TRUE,,,,,,,,
v-neck-merino-pullover,,,,,,,Size,XXL,,,,,SF-VNECKMERINOP-XXL,300,,,deny,manual,3500.00,,TRUE,TRUE,,,,,,,,
half-zip-pullover,Half-Zip Pullover,<p>Chest zip. Goes over a shirt collar.</p>,Stitch Fit,Sweaters & Pullovers,"sweaters,pullovers",TRUE,Size,XS,,,,,SF-HALFZIPPULLO-XS,300,,,deny,manual,3500.00,,TRUE,TRUE,,,,,,Half-Zip Pullover,Chest zip. Goes over a shirt collar.,active
half-zip-pullover,,,,,,,Size,S,,,,,SF-HALFZIPPULLO-S,300,,,deny,manual,3500.00,,TRUE,TRUE,,,,,,,,
half-zip-pullover,,,,,,,Size,M,,,,,SF-HALFZIPPULLO-M,300,,,deny,manual,3500.00,,TRUE,TRUE,,,,,,,,
half-zip-pullover,,,,,,,Size,L,,,,,SF-HALFZIPPULLO-L,300,,,deny,manual,3500.00,,TRUE,TRUE,,,,,,,,
half-zip-pullover,,,,,,,Size,XL,,,,,SF-HALFZIPPULLO-XL,300,,,deny,manual,3500.00,,TRUE,TRUE,,,,,,,,
half-zip-pullover,,,,,,,Size,XXL,,,,,SF-HALFZIPPULLO-XXL,300,,,deny,manual,3500.00,,TRUE,TRUE,,,,,,,,
roll-neck-sweater,Roll Neck Sweater,<p>Ribbed turtleneck. Cold-weather authority.</p>,Stitch Fit,Sweaters & Pullovers,"sweaters,pullovers",TRUE,Size,XS,,,,,SF-ROLLNECKSWEA-XS,300,,,deny,manual,3500.00,,TRUE,TRUE,,,,,,Roll Neck Sweater,Ribbed turtleneck. Cold-weather authority.,active
roll-neck-sweater,,,,,,,Size,S,,,,,SF-ROLLNECKSWEA-S,300,,,deny,manual,3500.00,,TRUE,TRUE,,,,,,,,
roll-neck-sweater,,,,,,,Size,M,,,,,SF-ROLLNECKSWEA-M,300,,,deny,manual,3500.00,,TRUE,TRUE,,,,,,,,
roll-neck-sweater,,,,,,,Size,L,,,,,SF-ROLLNECKSWEA-L,300,,,deny,manual,3500.00,,TRUE,TRUE,,,,,,,,
roll-neck-sweater,,,,,,,Size,XL,,,,,SF-ROLLNECKSWEA-XL,300,,,deny,manual,3500.00,,TRUE,TRUE,,,,,,,,
roll-neck-sweater,,,,,,,Size,XXL,,,,,SF-ROLLNECKSWEA-XXL,300,,,deny,manual,3500.00,,TRUE,TRUE,,,,,,,,
cable-knit-pullover,Cable Knit Pullover,<p>Traditional Aran-inspired cable. Hand-finished detail.</p>,Stitch Fit,Sweaters & Pullovers,"sweaters,pullovers",TRUE,Size,XS,,,,,SF-CABLEKNITPUL-XS,300,,,deny,manual,3500.00,,TRUE,TRUE,,,,,,Cable Knit Pullover,Traditional Aran-inspired cable. Hand-finished detail.,active
cable-knit-pullover,,,,,,,Size,S,,,,,SF-CABLEKNITPUL-S,300,,,deny,manual,3500.00,,TRUE,TRUE,,,,,,,,
cable-knit-pullover,,,,,,,Size,M,,,,,SF-CABLEKNITPUL-M,300,,,deny,manual,3500.00,,TRUE,TRUE,,,,,,,,
cable-knit-pullover,,,,,,,Size,L,,,,,SF-CABLEKNITPUL-L,300,,,deny,manual,3500.00,,TRUE,TRUE,,,,,,,,
cable-knit-pullover,,,,,,,Size,XL,,,,,SF-CABLEKNITPUL-XL,300,,,deny,manual,3500.00,,TRUE,TRUE,,,,,,,,
cable-knit-pullover,,,,,,,Size,XXL,,,,,SF-CABLEKNITPUL-XXL,300,,,deny,manual,3500.00,,TRUE,TRUE,,,,,,,,
drop-shoulder-knit,Drop Shoulder Knit,"<p>Oversized width, clean finish.</p>",Stitch Fit,Sweaters & Pullovers,"sweaters,pullovers",TRUE,Size,XS,,,,,SF-DROPSHOULDER-XS,300,,,deny,manual,3500.00,,TRUE,TRUE,,,,,,Drop Shoulder Knit,"Oversized width, clean finish.",active
drop-shoulder-knit,,,,,,,Size,S,,,,,SF-DROPSHOULDER-S,300,,,deny,manual,3500.00,,TRUE,TRUE,,,,,,,,
drop-shoulder-knit,,,,,,,Size,M,,,,,SF-DROPSHOULDER-M,300,,,deny,manual,3500.00,,TRUE,TRUE,,,,,,,,
drop-shoulder-knit,,,,,,,Size,L,,,,,SF-DROPSHOULDER-L,300,,,deny,manual,3500.00,,TRUE,TRUE,,,,,,,,
drop-shoulder-knit,,,,,,,Size,XL,,,,,SF-DROPSHOULDER-XL,300,,,deny,manual,3500.00,,TRUE,TRUE,,,,,,,,
drop-shoulder-knit,,,,,,,Size,XXL,,,,,SF-DROPSHOULDER-XXL,300,,,deny,manual,3500.00,,TRUE,TRUE,,,,,,,,
colour-block-sweater,Colour Block Sweater,<p>Two-tone knit panels. Bold without being loud.</p>,Stitch Fit,Sweaters & Pullovers,"sweaters,pullovers",TRUE,Size,XS,,,,,SF-COLOURBLOCKS-XS,300,,,deny,manual,3500.00,,TRUE,TRUE,,,,,,Colour Block Sweater,Two-tone knit panels. Bold without being loud.,active
colour-block-sweater,,,,,,,Size,S,,,,,SF-COLOURBLOCKS-S,300,,,deny,manual,3500.00,,TRUE,TRUE,,,,,,,,
colour-block-sweater,,,,,,,Size,M,,,,,SF-COLOURBLOCKS-M,300,,,deny,manual,3500.00,,TRUE,TRUE,,,,,,,,
colour-block-sweater,,,,,,,Size,L,,,,,SF-COLOURBLOCKS-L,300,,,deny,manual,3500.00,,TRUE,TRUE,,,,,,,,
colour-block-sweater,,,,,,,Size,XL,,,,,SF-COLOURBLOCKS-XL,300,,,deny,manual,3500.00,,TRUE,TRUE,,,,,,,,
colour-block-sweater,,,,,,,Size,XXL,,,,,SF-COLOURBLOCKS-XXL,300,,,deny,manual,3500.00,,TRUE,TRUE,,,,,,,,
fisherman-rib-pullover,Fisherman Rib Pullover,<p>Chunky fisherman rib. Tactile and warm.</p>,Stitch Fit,Sweaters & Pullovers,"sweaters,pullovers",TRUE,Size,XS,,,,,SF-FISHERMANRIB-XS,300,,,deny,manual,3500.00,,TRUE,TRUE,,,,,,Fisherman Rib Pullover,Chunky fisherman rib. Tactile and warm.,active
fisherman-rib-pullover,,,,,,,Size,S,,,,,SF-FISHERMANRIB-S,300,,,deny,manual,3500.00,,TRUE,TRUE,,,,,,,,
fisherman-rib-pullover,,,,,,,Size,M,,,,,SF-FISHERMANRIB-M,300,,,deny,manual,3500.00,,TRUE,TRUE,,,,,,,,
fisherman-rib-pullover,,,,,,,Size,L,,,,,SF-FISHERMANRIB-L,300,,,deny,manual,3500.00,,TRUE,TRUE,,,,,,,,
fisherman-rib-pullover,,,,,,,Size,XL,,,,,SF-FISHERMANRIB-XL,300,,,deny,manual,3500.00,,TRUE,TRUE,,,,,,,,
fisherman-rib-pullover,,,,,,,Size,XXL,,,,,SF-FISHERMANRIB-XXL,300,,,deny,manual,3500.00,,TRUE,TRUE,,,,,,,,
saddle-shoulder-sweater,Saddle Shoulder Sweater,<p>Heritage shoulder construction detail.</p>,Stitch Fit,Sweaters & Pullovers,"sweaters,pullovers",TRUE,Size,XS,,,,,SF-SADDLESHOULD-XS,300,,,deny,manual,3500.00,,TRUE,TRUE,,,,,,Saddle Shoulder Sweater,Heritage shoulder construction detail.,active
saddle-shoulder-sweater,,,,,,,Size,S,,,,,SF-SADDLESHOULD-S,300,,,deny,manual,3500.00,,TRUE,TRUE,,,,,,,,
saddle-shoulder-sweater,,,,,,,Size,M,,,,,SF-SADDLESHOULD-M,300,,,deny,manual,3500.00,,TRUE,TRUE,,,,,,,,
saddle-shoulder-sweater,,,,,,,Size,L,,,,,SF-SADDLESHOULD-L,300,,,deny,manual,3500.00,,TRUE,TRUE,,,,,,,,
saddle-shoulder-sweater,,,,,,,Size,XL,,,,,SF-SADDLESHOULD-XL,300,,,deny,manual,3500.00,,TRUE,TRUE,,,,,,,,
saddle-shoulder-sweater,,,,,,,Size,XXL,,,,,SF-SADDLESHOULD-XXL,300,,,deny,manual,3500.00,,TRUE,TRUE,,,,,,,,
waffle-knit-pullover,Waffle Knit Pullover,<p>Grid-textured surface. Lightweight and breathable.</p>,Stitch Fit,Sweaters & Pullovers,"sweaters,pullovers",TRUE,Size,XS,,,,,SF-WAFFLEKNITPU-XS,300,,,deny,manual,3500.00,,TRUE,TRUE,,,,,,Waffle Knit Pullover,Grid-textured surface. Lightweight and breathable.,active
waffle-knit-pullover,,,,,,,Size,S,,,,,SF-WAFFLEKNITPU-S,300,,,deny,manual,3500.00,,TRUE,TRUE,,,,,,,,
waffle-knit-pullover,,,,,,,Size,M,,,,,SF-WAFFLEKNITPU-M,300,,,deny,manual,3500.00,,TRUE,TRUE,,,,,,,,
waffle-knit-pullover,,,,,,,Size,L,,,,,SF-WAFFLEKNITPU-L,300,,,deny,manual,3500.00,,TRUE,TRUE,,,,,,,,
waffle-knit-pullover,,,,,,,Size,XL,,,,,SF-WAFFLEKNITPU-XL,300,,,deny,manual,3500.00,,TRUE,TRUE,,,,,,,,
waffle-knit-pullover,,,,,,,Size,XXL,,,,,SF-WAFFLEKNITPU-XXL,300,,,deny,manual,3500.00,,TRUE,TRUE,,,,,,,,
open-front-cardigan,Open Front Cardigan,<p>Unstructured. Relaxed weekend layering.</p>,Stitch Fit,Cardigans,cardigans,TRUE,Size,XS,,,,,SF-OPENFRONTCAR-XS,300,,,deny,manual,3500.00,,TRUE,TRUE,,,,,,Open Front Cardigan,Unstructured. Relaxed weekend layering.,active
open-front-cardigan,,,,,,,Size,S,,,,,SF-OPENFRONTCAR-S,300,,,deny,manual,3500.00,,TRUE,TRUE,,,,,,,,
open-front-cardigan,,,,,,,Size,M,,,,,SF-OPENFRONTCAR-M,300,,,deny,manual,3500.00,,TRUE,TRUE,,,,,,,,
open-front-cardigan,,,,,,,Size,L,,,,,SF-OPENFRONTCAR-L,300,,,deny,manual,3500.00,,TRUE,TRUE,,,,,,,,
open-front-cardigan,,,,,,,Size,XL,,,,,SF-OPENFRONTCAR-XL,300,,,deny,manual,3500.00,,TRUE,TRUE,,,,,,,,
open-front-cardigan,,,,,,,Size,XXL,,,,,SF-OPENFRONTCAR-XXL,300,,,deny,manual,3500.00,,TRUE,TRUE,,,,,,,,
button-front-cardigan,Button Front Cardigan,<p>6-button fastening. Structured and polished.</p>,Stitch Fit,Cardigans,cardigans,TRUE,Size,XS,,,,,SF-BUTTONFRONTC-XS,300,,,deny,manual,3500.00,,TRUE,TRUE,,,,,,Button Front Cardigan,6-button fastening. Structured and polished.,active
button-front-cardigan,,,,,,,Size,S,,,,,SF-BUTTONFRONTC-S,300,,,deny,manual,3500.00,,TRUE,TRUE,,,,,,,,
button-front-cardigan,,,,,,,Size,M,,,,,SF-BUTTONFRONTC-M,300,,,deny,manual,3500.00,,TRUE,TRUE,,,,,,,,
button-front-cardigan,,,,,,,Size,L,,,,,SF-BUTTONFRONTC-L,300,,,deny,manual,3500.00,,TRUE,TRUE,,,,,,,,
button-front-cardigan,,,,,,,Size,XL,,,,,SF-BUTTONFRONTC-XL,300,,,deny,manual,3500.00,,TRUE,TRUE,,,,,,,,
button-front-cardigan,,,,,,,Size,XXL,,,,,SF-BUTTONFRONTC-XXL,300,,,deny,manual,3500.00,,TRUE,TRUE,,,,,,,,
shawl-collar-cardigan,Shawl Collar Cardigan,<p>Shawl lapel. The old money cardigan.</p>,Stitch Fit,Cardigans,cardigans,TRUE,Size,XS,,,,,SF-SHAWLCOLLARC-XS,300,,,deny,manual,3500.00,,TRUE,TRUE,,,,,,Shawl Collar Cardigan,Shawl lapel. The old money cardigan.,active
shawl-collar-cardigan,,,,,,,Size,S,,,,,SF-SHAWLCOLLARC-S,300,,,deny,manual,3500.00,,TRUE,TRUE,,,,,,,,
shawl-collar-cardigan,,,,,,,Size,M,,,,,SF-SHAWLCOLLARC-M,300,,,deny,manual,3500.00,,TRUE,TRUE,,,,,,,,
shawl-collar-cardigan,,,,,,,Size,L,,,,,SF-SHAWLCOLLARC-L,300,,,deny,manual,3500.00,,TRUE,TRUE,,,,,,,,
shawl-collar-cardigan,,,,,,,Size,XL,,,,,SF-SHAWLCOLLARC-XL,300,,,deny,manual,3500.00,,TRUE,TRUE,,,,,,,,
shawl-collar-cardigan,,,,,,,Size,XXL,,,,,SF-SHAWLCOLLARC-XXL,300,,,deny,manual,3500.00,,TRUE,TRUE,,,,,,,,
zip-up-cardigan,Zip-Up Cardigan,<p>Front zip. Sportier reference.</p>,Stitch Fit,Cardigans,cardigans,TRUE,Size,XS,,,,,SF-ZIPUPCARDIGA-XS,300,,,deny,manual,3500.00,,TRUE,TRUE,,,,,,Zip-Up Cardigan,Front zip. Sportier reference.,active
zip-up-cardigan,,,,,,,Size,S,,,,,SF-ZIPUPCARDIGA-S,300,,,deny,manual,3500.00,,TRUE,TRUE,,,,,,,,
zip-up-cardigan,,,,,,,Size,M,,,,,SF-ZIPUPCARDIGA-M,300,,,deny,manual,3500.00,,TRUE,TRUE,,,,,,,,
zip-up-cardigan,,,,,,,Size,L,,,,,SF-ZIPUPCARDIGA-L,300,,,deny,manual,3500.00,,TRUE,TRUE,,,,,,,,
zip-up-cardigan,,,,,,,Size,XL,,,,,SF-ZIPUPCARDIGA-XL,300,,,deny,manual,3500.00,,TRUE,TRUE,,,,,,,,
zip-up-cardigan,,,,,,,Size,XXL,,,,,SF-ZIPUPCARDIGA-XXL,300,,,deny,manual,3500.00,,TRUE,TRUE,,,,,,,,
longline-cardigan,Longline Cardigan,<p>Knee-length. Statement layering piece.</p>,Stitch Fit,Cardigans,cardigans,TRUE,Size,XS,,,,,SF-LONGLINECARD-XS,300,,,deny,manual,3500.00,,TRUE,TRUE,,,,,,Longline Cardigan,Knee-length. Statement layering piece.,active
longline-cardigan,,,,,,,Size,S,,,,,SF-LONGLINECARD-S,300,,,deny,manual,3500.00,,TRUE,TRUE,,,,,,,,
longline-cardigan,,,,,,,Size,M,,,,,SF-LONGLINECARD-M,300,,,deny,manual,3500.00,,TRUE,TRUE,,,,,,,,
longline-cardigan,,,,,,,Size,L,,,,,SF-LONGLINECARD-L,300,,,deny,manual,3500.00,,TRUE,TRUE,,,,,,,,
longline-cardigan,,,,,,,Size,XL,,,,,SF-LONGLINECARD-XL,300,,,deny,manual,3500.00,,TRUE,TRUE,,,,,,,,
longline-cardigan,,,,,,,Size,XXL,,,,,SF-LONGLINECARD-XXL,300,,,deny,manual,3500.00,,TRUE,TRUE,,,,,,,,
cable-knit-cardigan,Cable Knit Cardigan,<p>Aran cable panels. Traditional craft.</p>,Stitch Fit,Cardigans,cardigans,TRUE,Size,XS,,,,,SF-CABLEKNITCAR-XS,300,,,deny,manual,3500.00,,TRUE,TRUE,,,,,,Cable Knit Cardigan,Aran cable panels. Traditional craft.,active
cable-knit-cardigan,,,,,,,Size,S,,,,,SF-CABLEKNITCAR-S,300,,,deny,manual,3500.00,,TRUE,TRUE,,,,,,,,
cable-knit-cardigan,,,,,,,Size,M,,,,,SF-CABLEKNITCAR-M,300,,,deny,manual,3500.00,,TRUE,TRUE,,,,,,,,
cable-knit-cardigan,,,,,,,Size,L,,,,,SF-CABLEKNITCAR-L,300,,,deny,manual,3500.00,,TRUE,TRUE,,,,,,,,
cable-knit-cardigan,,,,,,,Size,XL,,,,,SF-CABLEKNITCAR-XL,300,,,deny,manual,3500.00,,TRUE,TRUE,,,,,,,,
cable-knit-cardigan,,,,,,,Size,XXL,,,,,SF-CABLEKNITCAR-XXL,300,,,deny,manual,3500.00,,TRUE,TRUE,,,,,,,,
fine-merino-cardigan,Fine Merino Cardigan,<p>Lightweight merino. Under-jacket layering.</p>,Stitch Fit,Cardigans,cardigans,TRUE,Size,XS,,,,,SF-FINEMERINOCA-XS,300,,,deny,manual,3500.00,,TRUE,TRUE,,,,,,Fine Merino Cardigan,Lightweight merino. Under-jacket layering.,active
fine-merino-cardigan,,,,,,,Size,S,,,,,SF-FINEMERINOCA-S,300,,,deny,manual,3500.00,,TRUE,TRUE,,,,,,,,
fine-merino-cardigan,,,,,,,Size,M,,,,,SF-FINEMERINOCA-M,300,,,deny,manual,3500.00,,TRUE,TRUE,,,,,,,,
fine-merino-cardigan,,,,,,,Size,L,,,,,SF-FINEMERINOCA-L,300,,,deny,manual,3500.00,,TRUE,TRUE,,,,,,,,
fine-merino-cardigan,,,,,,,Size,XL,,,,,SF-FINEMERINOCA-XL,300,,,deny,manual,3500.00,,TRUE,TRUE,,,,,,,,
fine-merino-cardigan,,,,,,,Size,XXL,,,,,SF-FINEMERINOCA-XXL,300,,,deny,manual,3500.00,,TRUE,TRUE,,,,,,,,
ribbed-cardigan,Ribbed Cardigan,<p>Full-rib construction. Close-knit fit.</p>,Stitch Fit,Cardigans,cardigans,TRUE,Size,XS,,,,,SF-RIBBEDCARDIG-XS,300,,,deny,manual,3500.00,,TRUE,TRUE,,,,,,Ribbed Cardigan,Full-rib construction. Close-knit fit.,active
ribbed-cardigan,,,,,,,Size,S,,,,,SF-RIBBEDCARDIG-S,300,,,deny,manual,3500.00,,TRUE,TRUE,,,,,,,,
ribbed-cardigan,,,,,,,Size,M,,,,,SF-RIBBEDCARDIG-M,300,,,deny,manual,3500.00,,TRUE,TRUE,,,,,,,,
ribbed-cardigan,,,,,,,Size,L,,,,,SF-RIBBEDCARDIG-L,300,,,deny,manual,3500.00,,TRUE,TRUE,,,,,,,,
ribbed-cardigan,,,,,,,Size,XL,,,,,SF-RIBBEDCARDIG-XL,300,,,deny,manual,3500.00,,TRUE,TRUE,,,,,,,,
ribbed-cardigan,,,,,,,Size,XXL,,,,,SF-RIBBEDCARDIG-XXL,300,,,deny,manual,3500.00,,TRUE,TRUE,,,,,,,,
patch-pocket-cardigan,Patch Pocket Cardigan,<p>Two lower pockets. Utility meets craft.</p>,Stitch Fit,Cardigans,cardigans,TRUE,Size,XS,,,,,SF-PATCHPOCKETC-XS,300,,,deny,manual,3500.00,,TRUE,TRUE,,,,,,Patch Pocket Cardigan,Two lower pockets. Utility meets craft.,active
patch-pocket-cardigan,,,,,,,Size,S,,,,,SF-PATCHPOCKETC-S,300,,,deny,manual,3500.00,,TRUE,TRUE,,,,,,,,
patch-pocket-cardigan,,,,,,,Size,M,,,,,SF-PATCHPOCKETC-M,300,,,deny,manual,3500.00,,TRUE,TRUE,,,,,,,,
patch-pocket-cardigan,,,,,,,Size,L,,,,,SF-PATCHPOCKETC-L,300,,,deny,manual,3500.00,,TRUE,TRUE,,,,,,,,
patch-pocket-cardigan,,,,,,,Size,XL,,,,,SF-PATCHPOCKETC-XL,300,,,deny,manual,3500.00,,TRUE,TRUE,,,,,,,,
patch-pocket-cardigan,,,,,,,Size,XXL,,,,,SF-PATCHPOCKETC-XXL,300,,,deny,manual,3500.00,,TRUE,TRUE,,,,,,,,
oversized-cardigan,Oversized Cardigan,"<p>Dropped shoulder, wide body. Intentionally relaxed.</p>",Stitch Fit,Cardigans,cardigans,TRUE,Size,XS,,,,,SF-OVERSIZEDCAR-XS,300,,,deny,manual,3500.00,,TRUE,TRUE,,,,,,Oversized Cardigan,"Dropped shoulder, wide body. Intentionally relaxed.",active
oversized-cardigan,,,,,,,Size,S,,,,,SF-OVERSIZEDCAR-S,300,,,deny,manual,3500.00,,TRUE,TRUE,,,,,,,,
oversized-cardigan,,,,,,,Size,M,,,,,SF-OVERSIZEDCAR-M,300,,,deny,manual,3500.00,,TRUE,TRUE,,,,,,,,
oversized-cardigan,,,,,,,Size,L,,,,,SF-OVERSIZEDCAR-L,300,,,deny,manual,3500.00,,TRUE,TRUE,,,,,,,,
oversized-cardigan,,,,,,,Size,XL,,,,,SF-OVERSIZEDCAR-XL,300,,,deny,manual,3500.00,,TRUE,TRUE,,,,,,,,
oversized-cardigan,,,,,,,Size,XXL,,,,,SF-OVERSIZEDCAR-XXL,300,,,deny,manual,3500.00,,TRUE,TRUE,,,,,,,,
classic-crew-t-shirt,Classic Crew T-Shirt,<p>The everyday anchor. Premium 180gsm knit.</p>,Stitch Fit,T-Shirts & Henleys,"t-shirts,henleys",TRUE,Size,XS,,,,,SF-CLASSICCREWT-XS,300,,,deny,manual,3500.00,,TRUE,TRUE,,,,,,Classic Crew T-Shirt,The everyday anchor. Premium 180gsm knit.,active
classic-crew-t-shirt,,,,,,,Size,S,,,,,SF-CLASSICCREWT-S,300,,,deny,manual,3500.00,,TRUE,TRUE,,,,,,,,
classic-crew-t-shirt,,,,,,,Size,M,,,,,SF-CLASSICCREWT-M,300,,,deny,manual,3500.00,,TRUE,TRUE,,,,,,,,
classic-crew-t-shirt,,,,,,,Size,L,,,,,SF-CLASSICCREWT-L,300,,,deny,manual,3500.00,,TRUE,TRUE,,,,,,,,
classic-crew-t-shirt,,,,,,,Size,XL,,,,,SF-CLASSICCREWT-XL,300,,,deny,manual,3500.00,,TRUE,TRUE,,,,,,,,
classic-crew-t-shirt,,,,,,,Size,XXL,,,,,SF-CLASSICCREWT-XXL,300,,,deny,manual,3500.00,,TRUE,TRUE,,,,,,,,
henley-neck-t-shirt,Henley Neck T-Shirt,<p>3-button placket. Between casual and dressed.</p>,Stitch Fit,T-Shirts & Henleys,"t-shirts,henleys",TRUE,Size,XS,,,,,SF-HENLEYNECKTS-XS,300,,,deny,manual,3500.00,,TRUE,TRUE,,,,,,Henley Neck T-Shirt,3-button placket. Between casual and dressed.,active
henley-neck-t-shirt,,,,,,,Size,S,,,,,SF-HENLEYNECKTS-S,300,,,deny,manual,3500.00,,TRUE,TRUE,,,,,,,,
henley-neck-t-shirt,,,,,,,Size,M,,,,,SF-HENLEYNECKTS-M,300,,,deny,manual,3500.00,,TRUE,TRUE,,,,,,,,
henley-neck-t-shirt,,,,,,,Size,L,,,,,SF-HENLEYNECKTS-L,300,,,deny,manual,3500.00,,TRUE,TRUE,,,,,,,,
henley-neck-t-shirt,,,,,,,Size,XL,,,,,SF-HENLEYNECKTS-XL,300,,,deny,manual,3500.00,,TRUE,TRUE,,,,,,,,
henley-neck-t-shirt,,,,,,,Size,XXL,,,,,SF-HENLEYNECKTS-XXL,300,,,deny,manual,3500.00,,TRUE,TRUE,,,,,,,,
slim-fit-crew,Slim Fit Crew,<p>Fitted silhouette. Clean single-needle construction.</p>,Stitch Fit,T-Shirts & Henleys,"t-shirts,henleys",TRUE,Size,XS,,,,,SF-SLIMFITCREW-XS,300,,,deny,manual,3500.00,,TRUE,TRUE,,,,,,Slim Fit Crew,Fitted silhouette. Clean single-needle construction.,active
slim-fit-crew,,,,,,,Size,S,,,,,SF-SLIMFITCREW-S,300,,,deny,manual,3500.00,,TRUE,TRUE,,,,,,,,
slim-fit-crew,,,,,,,Size,M,,,,,SF-SLIMFITCREW-M,300,,,deny,manual,3500.00,,TRUE,TRUE,,,,,,,,
slim-fit-crew,,,,,,,Size,L,,,,,SF-SLIMFITCREW-L,300,,,deny,manual,3500.00,,TRUE,TRUE,,,,,,,,
slim-fit-crew,,,,,,,Size,XL,,,,,SF-SLIMFITCREW-XL,300,,,deny,manual,3500.00,,TRUE,TRUE,,,,,,,,
slim-fit-crew,,,,,,,Size,XXL,,,,,SF-SLIMFITCREW-XXL,300,,,deny,manual,3500.00,,TRUE,TRUE,,,,,,,,
pocket-t-shirt,Pocket T-Shirt,<p>Chest pocket detail. Effortless.</p>,Stitch Fit,T-Shirts & Henleys,"t-shirts,henleys",TRUE,Size,XS,,,,,SF-POCKETTSHIRT-XS,300,,,deny,manual,3500.00,,TRUE,TRUE,,,,,,Pocket T-Shirt,Chest pocket detail. Effortless.,active
pocket-t-shirt,,,,,,,Size,S,,,,,SF-POCKETTSHIRT-S,300,,,deny,manual,3500.00,,TRUE,TRUE,,,,,,,,
pocket-t-shirt,,,,,,,Size,M,,,,,SF-POCKETTSHIRT-M,300,,,deny,manual,3500.00,,TRUE,TRUE,,,,,,,,
pocket-t-shirt,,,,,,,Size,L,,,,,SF-POCKETTSHIRT-L,300,,,deny,manual,3500.00,,TRUE,TRUE,,,,,,,,
pocket-t-shirt,,,,,,,Size,XL,,,,,SF-POCKETTSHIRT-XL,300,,,deny,manual,3500.00,,TRUE,TRUE,,,,,,,,
pocket-t-shirt,,,,,,,Size,XXL,,,,,SF-POCKETTSHIRT-XXL,300,,,deny,manual,3500.00,,TRUE,TRUE,,,,,,,,
longline-t-shirt,Longline T-Shirt,<p>Extended hem. Tucks or hangs clean.</p>,Stitch Fit,T-Shirts & Henleys,"t-shirts,henleys",TRUE,Size,XS,,,,,SF-LONGLINETSHI-XS,300,,,deny,manual,3500.00,,TRUE,TRUE,,,,,,Longline T-Shirt,Extended hem. Tucks or hangs clean.,active
longline-t-shirt,,,,,,,Size,S,,,,,SF-LONGLINETSHI-S,300,,,deny,manual,3500.00,,TRUE,TRUE,,,,,,,,
longline-t-shirt,,,,,,,Size,M,,,,,SF-LONGLINETSHI-M,300,,,deny,manual,3500.00,,TRUE,TRUE,,,,,,,,
longline-t-shirt,,,,,,,Size,L,,,,,SF-LONGLINETSHI-L,300,,,deny,manual,3500.00,,TRUE,TRUE,,,,,,,,
longline-t-shirt,,,,,,,Size,XL,,,,,SF-LONGLINETSHI-XL,300,,,deny,manual,3500.00,,TRUE,TRUE,,,,,,,,
longline-t-shirt,,,,,,,Size,XXL,,,,,SF-LONGLINETSHI-XXL,300,,,deny,manual,3500.00,,TRUE,TRUE,,,,,,,,
pique-t-shirt,Pique T-Shirt,<p>Textured pique knit. One step above jersey.</p>,Stitch Fit,T-Shirts & Henleys,"t-shirts,henleys",TRUE,Size,XS,,,,,SF-PIQUETSHIRT-XS,300,,,deny,manual,3500.00,,TRUE,TRUE,,,,,,Pique T-Shirt,Textured pique knit. One step above jersey.,active
pique-t-shirt,,,,,,,Size,S,,,,,SF-PIQUETSHIRT-S,300,,,deny,manual,3500.00,,TRUE,TRUE,,,,,,,,
pique-t-shirt,,,,,,,Size,M,,,,,SF-PIQUETSHIRT-M,300,,,deny,manual,3500.00,,TRUE,TRUE,,,,,,,,
pique-t-shirt,,,,,,,Size,L,,,,,SF-PIQUETSHIRT-L,300,,,deny,manual,3500.00,,TRUE,TRUE,,,,,,,,
pique-t-shirt,,,,,,,Size,XL,,,,,SF-PIQUETSHIRT-XL,300,,,deny,manual,3500.00,,TRUE,TRUE,,,,,,,,
pique-t-shirt,,,,,,,Size,XXL,,,,,SF-PIQUETSHIRT-XXL,300,,,deny,manual,3500.00,,TRUE,TRUE,,,,,,,,
waffle-henley,Waffle Henley,<p>Waffle texture with henley neck. Tactile and warm.</p>,Stitch Fit,T-Shirts & Henleys,"t-shirts,henleys",TRUE,Size,XS,,,,,SF-WAFFLEHENLEY-XS,300,,,deny,manual,3500.00,,TRUE,TRUE,,,,,,Waffle Henley,Waffle texture with henley neck. Tactile and warm.,active
waffle-henley,,,,,,,Size,S,,,,,SF-WAFFLEHENLEY-S,300,,,deny,manual,3500.00,,TRUE,TRUE,,,,,,,,
waffle-henley,,,,,,,Size,M,,,,,SF-WAFFLEHENLEY-M,300,,,deny,manual,3500.00,,TRUE,TRUE,,,,,,,,
waffle-henley,,,,,,,Size,L,,,,,SF-WAFFLEHENLEY-L,300,,,deny,manual,3500.00,,TRUE,TRUE,,,,,,,,
waffle-henley,,,,,,,Size,XL,,,,,SF-WAFFLEHENLEY-XL,300,,,deny,manual,3500.00,,TRUE,TRUE,,,,,,,,
waffle-henley,,,,,,,Size,XXL,,,,,SF-WAFFLEHENLEY-XXL,300,,,deny,manual,3500.00,,TRUE,TRUE,,,,,,,,
striped-knit-t-shirt,Striped Knit T-Shirt,<p>Horizontal rib stripe. Classic nautical nod.</p>,Stitch Fit,T-Shirts & Henleys,"t-shirts,henleys",TRUE,Size,XS,,,,,SF-STRIPEDKNITT-XS,300,,,deny,manual,3500.00,,TRUE,TRUE,,,,,,Striped Knit T-Shirt,Horizontal rib stripe. Classic nautical nod.,active
striped-knit-t-shirt,,,,,,,Size,S,,,,,SF-STRIPEDKNITT-S,300,,,deny,manual,3500.00,,TRUE,TRUE,,,,,,,,
striped-knit-t-shirt,,,,,,,Size,M,,,,,SF-STRIPEDKNITT-M,300,,,deny,manual,3500.00,,TRUE,TRUE,,,,,,,,
striped-knit-t-shirt,,,,,,,Size,L,,,,,SF-STRIPEDKNITT-L,300,,,deny,manual,3500.00,,TRUE,TRUE,,,,,,,,
striped-knit-t-shirt,,,,,,,Size,XL,,,,,SF-STRIPEDKNITT-XL,300,,,deny,manual,3500.00,,TRUE,TRUE,,,,,,,,
striped-knit-t-shirt,,,,,,,Size,XXL,,,,,SF-STRIPEDKNITT-XXL,300,,,deny,manual,3500.00,,TRUE,TRUE,,,,,,,,
double-layer-t-shirt,Double Layer T-Shirt,<p>Two-layer construction. Structured drape.</p>,Stitch Fit,T-Shirts & Henleys,"t-shirts,henleys",TRUE,Size,XS,,,,,SF-DOUBLELAYERT-XS,300,,,deny,manual,3500.00,,TRUE,TRUE,,,,,,Double Layer T-Shirt,Two-layer construction. Structured drape.,active
double-layer-t-shirt,,,,,,,Size,S,,,,,SF-DOUBLELAYERT-S,300,,,deny,manual,3500.00,,TRUE,TRUE,,,,,,,,
double-layer-t-shirt,,,,,,,Size,M,,,,,SF-DOUBLELAYERT-M,300,,,deny,manual,3500.00,,TRUE,TRUE,,,,,,,,
double-layer-t-shirt,,,,,,,Size,L,,,,,SF-DOUBLELAYERT-L,300,,,deny,manual,3500.00,,TRUE,TRUE,,,,,,,,
double-layer-t-shirt,,,,,,,Size,XL,,,,,SF-DOUBLELAYERT-XL,300,,,deny,manual,3500.00,,TRUE,TRUE,,,,,,,,
double-layer-t-shirt,,,,,,,Size,XXL,,,,,SF-DOUBLELAYERT-XXL,300,,,deny,manual,3500.00,,TRUE,TRUE,,,,,,,,
fine-rib-t-shirt,Fine Rib T-Shirt,<p>1x1 rib knit. Body-following. Sleek.</p>,Stitch Fit,T-Shirts & Henleys,"t-shirts,henleys",TRUE,Size,XS,,,,,SF-FINERIBTSHIR-XS,300,,,deny,manual,3500.00,,TRUE,TRUE,,,,,,Fine Rib T-Shirt,1x1 rib knit. Body-following. Sleek.,active
fine-rib-t-shirt,,,,,,,Size,S,,,,,SF-FINERIBTSHIR-S,300,,,deny,manual,3500.00,,TRUE,TRUE,,,,,,,,
fine-rib-t-shirt,,,,,,,Size,M,,,,,SF-FINERIBTSHIR-M,300,,,deny,manual,3500.00,,TRUE,TRUE,,,,,,,,
fine-rib-t-shirt,,,,,,,Size,L,,,,,SF-FINERIBTSHIR-L,300,,,deny,manual,3500.00,,TRUE,TRUE,,,,,,,,
fine-rib-t-shirt,,,,,,,Size,XL,,,,,SF-FINERIBTSHIR-XL,300,,,deny,manual,3500.00,,TRUE,TRUE,,,,,,,,
fine-rib-t-shirt,,,,,,,Size,XXL,,,,,SF-FINERIBTSHIR-XXL,300,,,deny,manual,3500.00,,TRUE,TRUE,,,,,,,,
